,gdpPercap_1952,gdpPercap_1957,gdpPercap_1962,gdpPercap_1967,gdpPercap_1972,gdpPercap_1977,gdpPercap_1982,gdpPercap_1987,gdpPercap_1992,gdpPercap_1997,gdpPercap_2002,gdpPercap_2007
count,33.0,33.0,33.0,33.0,33.0,33.0,33.0,33.0,33.0,33.0,33.0,33.0
mean,5195.484004030303,5787.732939942424,5729.369624775758,5971.1733736060605,8187.468699448486,7791.3140199303025,7434.135157484847,7608.226507730304,8639.690247730303,9834.093295248485,10174.09039657879,12473.026870133333
std,18634.890865452777,19506.515958966153,16415.85719639497,14062.591362491978,19087.502918441576,11815.777923037032,8701.17649917184,8090.26276537004,9727.431087991617,11094.180481032985,11150.719202700508,14154.937342880463
min,331.0,350.0,388.0,349.0,357.0,371.0,424.0,385.0,347.0,415.0,611.0,944.0
25%,749.6816546,793.5774147999999,825.6232006,836.1971382,1049.938981,1175.921193,1443.429832,1704.686583,1785.402016,1902.2521,2092.712441,2452.210407
50%,1206.947913,1547.9448439999999,1649.5521529999999,2029.2281420000002,2571.423014,3195.484582,4106.525293,4106.4923149999995,3726.063507,3645.379572,4090.9253310000004,4471.061906
75%,3035.326002,3290.257643,4187.329802,5906.731804999999,8597.756202,11210.08948,12954.791009999999,11643.57268,15215.6579,19702.055809999998,19233.98818,22316.19287
max,108382.3529,113523.1329,95458.11176,80894.88326,109347.867,59265.477139999995,33693.17525,28118.42998,34932.91959,40300.61996,36023.1054,47306.98978
