,gdpPercap_1952,gdpPercap_1957,gdpPercap_1962,gdpPercap_1967,gdpPercap_1972,gdpPercap_1977,gdpPercap_1982,gdpPercap_1987,gdpPercap_1992,gdpPercap_1997,gdpPercap_2002,gdpPercap_2007
count,30.0,30.0,30.0,30.0,30.0,30.0,30.0,30.0,30.0,30.0,30.0,30.0
mean,5661.0574347599995,6963.012815933334,8365.4868143,10143.823756533335,12479.57524646667,14283.979109599999,15617.896551233333,17214.31072663333,17061.5680842,19076.781801600002,21711.73242243333,25054.481635933334
std,3114.0604926553233,3677.9501459764815,4199.193906418378,4724.983888650933,5509.691410957363,5874.46489596902,6453.234826614651,7482.957960039719,9109.804361057026,10065.457716193161,11197.355516702492,11800.339810888065
min,973.5331947999999,1353.989176,1709.683679,2172.3524230000003,2860.16975,3528.481305,3630.880722,3738.9327350000003,2497.4379010000002,3193.054604,4604.211737,5937.029525999999
25%,3241.13240625,4394.87431525,5373.53661175,6657.93904725,9057.708094500002,10360.0303,11449.870115,12274.57068,8667.113214250001,9946.599306250002,11721.8514825,14811.89821
50%,5142.469716,6066.7214955,7515.733737500001,9366.0670335,12326.37999,14225.754515,15322.82472,16215.485895000002,17550.155945,19596.49855,23674.86323,28054.06579
75%,7236.79491925,9597.22082025,10931.085347499999,13277.182057499998,16523.0171275,19052.4121625,20901.72973,23321.5877225,25034.243045,27189.5303125,30373.3633075,33817.9625325
max,14734.23275,17909.48973,20431.0927,22966.14432,27195.113039999997,26982.29052,28397.715119999997,31540.9748,33965.66115,41283.16433,44683.97525,49357.19017
