,gdpPercap_1952,gdpPercap_1957,gdpPercap_1962,gdpPercap_1967,gdpPercap_1972,gdpPercap_1977,gdpPercap_1982,gdpPercap_1987,gdpPercap_1992,gdpPercap_1997,gdpPercap_2002,gdpPercap_2007
count,2.0,2.0,2.0,2.0,2.0,2.0,2.0,2.0,2.0,2.0,2.0,2.0
mean,10298.08565,11598.522455,12696.45243,14495.02179,16417.33338,17283.957605,18554.709840000003,20448.04016,20894.045885,24024.17517,26938.77804,29810.188274999997
std,365.56007787995503,917.6448059388855,677.7273005299778,43.986086440590306,525.0919802762363,1485.2635173964302,1304.3283766171116,2037.6680132839508,3578.9798830006544,4205.533703141602,5301.853680018594,6540.991103548464
min,10039.595640000001,10949.64959,12217.226859999999,14463.918930000002,16046.03728,16233.7177,17632.4104,19007.19129,18363.324940000002,21050.41377,23189.80135,25185.00911
25%,10168.840645,11274.0860225,12456.839645,14479.470360000001,16231.68533,16758.8376525,18093.560120000002,19727.615725,19628.685412500003,22537.29447,25064.289695000003,27497.598692499996
50%,10298.08565,11598.522455,12696.45243,14495.02179,16417.33338,17283.957605,18554.709840000003,20448.04016,20894.045885,24024.17517,26938.77804,29810.188274999997
75%,10427.330655,11922.9588875,12936.065214999999,14510.57322,16602.98143,17809.077557499997,19015.859560000004,21168.464595,22159.4063575,25511.05587,28813.266385000003,32122.777857499994
max,10556.575659999999,12247.39532,13175.678,14526.12465,16788.62948,18334.197509999998,19477.009280000002,21888.889030000002,23424.76683,26997.936569999998,30687.75473,34435.367439999995
